{
    "vertices":[0,0,-0.5,0,1,-0.5,0.0975452,0,-0.490393,0.0975452,1,-0.490393,0.191342,0,-0.46194,0.191342,1,-0.46194,0.277785,0,-0.415735,0.277785,1,-0.415735,0.353553,0,-0.353553,0.353553,1,-0.353553,0.415735,0,-0.277785,0.415735,1,-0.277785,0.46194,0,-0.191342,0.46194,1,-0.191342,0.490393,0,-0.0975452,0.490393,1,-0.0975452,0.5,0,-3.7749e-08,0.5,1,-8.14603e-08,0.490393,0,0.0975451,0.490393,1,0.0975451,0.46194,0,0.191342,0.46194,1,0.191342,0.415735,0,0.277785,0.415735,1,0.277785,0.353553,2.98023e-08,0.353553,0.353553,1,0.353553,0.277785,2.98023e-08,0.415735,0.277785,1,0.415735,0.191342,2.98023e-08,0.46194,0.191342,1,0.46194,0.097545,2.98023e-08,0.490393,0.097545,1,0.490393,-1.62921e-07,2.98023e-08,0.5,-1.62921e-07,1,0.5,-0.0975454,2.98023e-08,0.490393,-0.0975454,1,0.490393,-0.191342,2.98023e-08,0.46194,-0.191342,1,0.46194,-0.277785,2.98023e-08,0.415735,-0.277785,1,0.415735,-0.353554,2.98023e-08,0.353553,-0.353554,1,0.353553,-0.415735,0,0.277785,-0.415735,1,0.277785,-0.46194,0,0.191341,-0.46194,1,0.191341,-0.490393,0,0.0975447,-0.490393,1,0.0975447,-0.5,0,-4.828e-07,-0.5,1,-5.26511e-07,-0.490393,0,-0.0975457,-0.490393,1,-0.0975457,-0.46194,0,-0.191342,-0.46194,1,-0.191342,-0.415734,0,-0.277786,-0.415734,1,-0.277786,-0.353553,0,-0.353554,-0.353553,1,-0.353554,-0.277785,0,-0.415735,-0.277785,1,-0.415735,-0.191341,0,-0.46194,-0.191341,1,-0.46194,-0.0975444,0,-0.490393,-0.0975444,1,-0.490393],
    "faces":[35,0,1,3,2,0,0,0,0,0,35,2,3,5,4,0,1,1,1,1,35,4,5,7,6,0,2,2,2,2,35,6,7,9,8,0,3,3,3,3,35,8,9,11,10,0,4,4,4,4,35,10,11,13,12,0,5,5,5,5,35,12,13,15,14,0,6,6,6,6,35,14,15,17,16,0,7,7,7,7,35,16,17,19,18,0,8,8,8,8,35,18,19,21,20,0,9,9,9,9,35,20,21,23,22,0,10,10,10,10,35,22,23,25,24,0,11,11,11,11,35,24,25,27,26,0,12,12,12,12,35,26,27,29,28,0,13,13,13,13,35,28,29,31,30,0,14,14,14,14,35,30,31,33,32,0,15,15,15,15,35,32,33,35,34,0,16,16,16,16,35,34,35,37,36,0,17,17,17,17,35,36,37,39,38,0,18,18,18,18,35,38,39,41,40,0,19,19,19,19,35,40,41,43,42,0,20,20,20,20,35,42,43,45,44,0,21,21,21,21,35,44,45,47,46,0,22,22,22,22,35,46,47,49,48,0,23,23,23,23,35,48,49,51,50,0,24,24,24,24,35,50,51,53,52,0,25,25,25,25,35,52,53,55,54,0,26,26,26,26,35,54,55,57,56,0,27,27,27,27,35,56,57,59,58,0,28,28,28,28,35,58,59,61,60,0,29,29,29,29,34,5,3,1,0,30,30,30,34,1,63,61,0,30,30,30,34,61,59,57,0,31,31,31,34,57,55,53,0,30,30,30,34,53,51,49,0,31,31,31,34,49,47,45,0,31,31,31,34,45,43,41,0,30,30,30,34,41,39,37,0,30,30,30,34,37,35,33,0,30,30,30,34,33,31,29,0,30,30,30,34,29,27,25,0,30,30,30,34,25,23,21,0,30,30,30,34,21,19,17,0,30,30,30,34,17,15,13,0,30,30,30,34,13,11,9,0,30,30,30,34,9,7,5,0,30,30,30,34,5,1,61,0,32,32,32,34,61,57,53,0,30,30,30,34,53,49,45,0,30,30,30,34,45,41,37,0,30,30,30,34,37,33,29,0,30,30,30,34,29,25,21,0,31,31,31,34,21,17,13,0,33,33,33,34,13,9,5,0,31,31,31,34,5,61,53,0,32,32,32,34,53,45,37,0,30,30,30,34,37,29,21,0,30,30,30,34,21,13,5,0,30,30,30,34,5,53,37,0,30,30,30,34,37,21,5,0,33,33,33,35,60,61,63,62,0,34,34,34,34,35,1,0,62,63,0,35,35,35,35,34,62,0,2,0,36,36,36,34,2,4,6,0,37,37,37,34,6,8,10,0,38,38,38,34,10,12,14,0,37,37,37,34,14,16,18,0,39,39,39,34,18,20,22,0,37,37,37,34,22,24,26,0,40,40,40,34,26,28,30,0,37,37,37,34,30,32,34,0,37,37,37,34,34,36,38,0,37,37,37,34,38,40,42,0,41,41,41,34,42,44,46,0,37,37,37,34,46,48,50,0,37,37,37,34,50,52,54,0,37,37,37,34,54,56,58,0,37,37,37,34,58,60,62,0,38,38,38,34,62,2,6,0,38,38,38,34,6,10,14,0,38,38,38,34,14,18,22,0,39,39,39,34,22,26,30,0,42,42,42,34,30,34,38,0,37,37,37,34,38,42,46,0,43,43,43,34,46,50,54,0,37,37,37,34,54,58,62,0,37,37,37,34,62,6,14,0,38,38,38,34,14,22,30,0,44,44,44,34,30,38,46,0,45,45,45,34,46,54,62,0,37,37,37,34,62,14,30,0,46,46,46,34,30,46,62,0,47,47,47],
    "uvs":[],
    "materials":[{
        "colorDiffuse":[0.64,0.64,0.64],
        "colorEmissive":[0,0,0],
        "visible":true,
        "doubleSided":false,
        "shading":"phong",
        "opacity":1,
        "depthTest":true,
        "colorSpecular":[0.5,0.5,0.5],
        "DbgIndex":0,
        "specularCoef":50,
        "DbgName":"Material.001",
        "blending":1,
        "depthWrite":true,
        "transparent":false,
        "wireframe":false,
        "DbgColor":15658734
    }],
    "metadata":{
        "generator":"io_three",
        "materials":1,
        "type":"Geometry",
        "version":3,
        "normals":48,
        "vertices":64,
        "faces":92,
        "uvs":0
    },
    "normals":[0.098017,-2.96926e-08,-0.995185,0.290285,-5.70098e-08,-0.95694,0.471397,-5.46344e-08,-0.881921,0.634393,-4.51327e-08,-0.77301,0.77301,-3.80065e-08,-0.634393,0.881921,-1.90033e-08,-0.471396,0.95694,-1.1877e-08,-0.290285,0.995185,-4.45389e-09,-0.0980173,0.995185,4.15696e-09,0.098017,0.95694,1.06893e-08,0.290285,0.881921,1.90033e-08,0.471397,0.77301,3.80065e-08,0.634393,0.634393,4.51327e-08,0.77301,0.471397,5.22589e-08,0.881921,0.290284,5.70098e-08,0.95694,0.0980168,4.45389e-08,0.995185,-0.0980174,4.45389e-08,0.995185,-0.290285,5.81975e-08,0.95694,-0.471397,5.22589e-08,0.881921,-0.634394,4.75081e-08,0.77301,-0.773011,3.56311e-08,0.634393,-0.881922,2.13787e-08,0.471396,-0.956941,1.06893e-08,0.290284,-0.995185,4.45389e-09,0.0980163,-0.995185,-4.45389e-09,-0.0980182,-0.95694,-1.06893e-08,-0.290286,-0.881921,-2.13787e-08,-0.471398,-0.77301,-3.80065e-08,-0.634394,-0.634392,-4.51327e-08,-0.773011,-0.471395,-5.22589e-08,-0.881922,0,1,0,0,1,0,-0,1,0,0,1,-0,-0.290283,-5.70098e-08,-0.956941,-0.0980162,-2.96928e-08,-0.995185,-0,-1,0,0,-1,0,0,-1,0,0,-1,-0,9.88715e-07,-1,1.20475e-06,-9.88714e-07,-1,1.20475e-06,1.52761e-07,-1,3.68799e-07,3.68799e-07,-1,-1.52761e-07,-1.08019e-07,-1,-2.14863e-08,-2.14863e-08,-1,1.08019e-07,-2.34156e-08,-1,3.50438e-08,3.50438e-08,-1,2.34156e-08]
}