{
    "metadata":{
        "version":3,
        "type":"Geometry",
        "uvs":1,
        "generator":"io_three",
        "materials":1,
        "faces":62,
        "vertices":33,
        "normals":44
    },
    "faces":[42,0,9,1,0,0,1,2,0,0,0,42,1,9,2,0,2,1,3,1,1,1,42,2,9,3,0,3,1,4,2,2,2,42,3,9,4,0,4,1,5,3,3,3,42,4,9,5,0,5,1,6,4,4,4,42,5,9,6,0,6,1,7,5,5,5,42,6,9,7,0,7,1,8,6,6,6,42,7,9,8,0,8,1,9,7,7,7,42,8,9,10,0,9,1,10,8,8,8,42,10,9,11,0,10,1,11,9,9,9,42,11,9,12,0,11,1,12,10,10,10,42,12,9,13,0,12,1,13,11,11,11,42,13,9,14,0,13,1,14,12,12,12,42,14,9,15,0,14,1,15,13,13,13,42,15,9,16,0,15,1,16,14,14,14,42,16,9,17,0,16,1,17,15,15,15,42,17,9,18,0,17,1,18,16,16,16,42,18,9,19,0,18,1,19,17,17,17,42,19,9,20,0,19,1,20,18,18,18,42,20,9,21,0,20,1,21,19,19,19,42,21,9,22,0,21,1,22,20,20,20,42,22,9,23,0,22,1,23,21,21,21,42,23,9,24,0,23,1,24,22,22,22,42,24,9,25,0,24,1,25,23,23,23,42,25,9,26,0,25,1,26,24,24,24,42,26,9,27,0,26,1,27,25,25,25,42,27,9,28,0,27,1,28,26,26,26,42,28,9,29,0,28,1,29,27,27,27,42,29,9,30,0,29,1,30,28,28,28,42,30,9,31,0,30,1,31,29,29,29,42,31,9,32,0,31,1,32,30,30,30,42,32,9,0,0,32,1,0,31,31,31,42,32,0,1,0,64,33,34,32,32,32,42,1,2,3,0,34,35,36,33,33,33,42,3,4,5,0,36,37,38,34,34,34,42,5,6,7,0,38,39,40,33,33,33,42,7,8,10,0,40,41,42,35,35,35,42,10,11,12,0,42,43,44,33,33,33,42,12,13,14,0,44,45,46,36,36,36,42,14,15,16,0,46,47,48,33,33,33,42,16,17,18,0,48,49,50,33,33,33,42,18,19,20,0,50,51,52,33,33,33,42,20,21,22,0,52,53,54,37,37,37,42,22,23,24,0,54,55,56,33,33,33,42,24,25,26,0,56,57,58,33,33,33,42,26,27,28,0,58,59,60,33,33,33,42,28,29,30,0,60,61,62,33,33,33,42,30,31,32,0,62,63,64,34,34,34,42,32,1,3,0,64,34,36,34,34,34,42,3,5,7,0,36,38,40,34,34,34,42,7,10,12,0,40,42,44,35,35,35,42,12,14,16,0,44,46,48,38,38,38,42,16,18,20,0,48,50,52,33,33,33,42,20,22,24,0,52,54,56,39,39,39,42,24,26,28,0,56,58,60,33,33,33,42,28,30,32,0,60,62,64,33,33,33,42,32,3,7,0,64,36,40,34,34,34,42,7,12,16,0,40,44,48,40,40,40,42,16,20,24,0,48,52,56,41,41,41,42,24,28,32,0,56,60,64,33,33,33,42,32,7,16,0,64,40,48,42,42,42,42,16,24,32,0,48,56,64,43,43,43],
    "vertices":[0,0,-0.5,0.0975452,0,-0.490393,0.191342,0,-0.46194,0.277785,0,-0.415735,0.353553,0,-0.353553,0.415735,0,-0.277785,0.46194,0,-0.191342,0.490393,0,-0.0975452,0.5,0,-3.7749e-08,0,1,-4.37114e-08,0.490393,0,0.0975451,0.46194,0,0.191342,0.415735,0,0.277785,0.353553,2.98023e-08,0.353553,0.277785,2.98023e-08,0.415735,0.191342,2.98023e-08,0.46194,0.097545,2.98023e-08,0.490393,-1.62921e-07,2.98023e-08,0.5,-0.0975454,2.98023e-08,0.490393,-0.191342,2.98023e-08,0.46194,-0.277785,2.98023e-08,0.415735,-0.353554,2.98023e-08,0.353553,-0.415735,0,0.277785,-0.46194,0,0.191341,-0.490393,0,0.0975447,-0.5,0,-4.828e-07,-0.490393,0,-0.0975457,-0.46194,0,-0.191342,-0.415734,0,-0.277786,-0.353553,0,-0.353554,-0.277785,0,-0.415735,-0.191341,0,-0.46194,-0.0975444,0,-0.490393],
    "normals":[0.0877537,0.445488,-0.890977,0.259888,0.445488,-0.856737,0.422036,0.445488,-0.789573,0.567965,0.445488,-0.692067,0.692067,0.445488,-0.567965,0.789573,0.445488,-0.422036,0.856737,0.445488,-0.259888,0.890977,0.445488,-0.0877537,0.890977,0.445488,0.0877534,0.856737,0.445488,0.259888,0.789573,0.445488,0.422036,0.692067,0.445488,0.567965,0.567965,0.445488,0.692067,0.422036,0.445488,0.789573,0.259888,0.445488,0.856737,0.0877531,0.445488,0.890977,-0.0877536,0.445488,0.890977,-0.259889,0.445488,0.856737,-0.422036,0.445488,0.789573,-0.567965,0.445488,0.692066,-0.692067,0.445488,0.567964,-0.789574,0.445488,0.422035,-0.856737,0.445488,0.259887,-0.890977,0.445488,0.0877528,-0.890977,0.445488,-0.0877545,-0.856737,0.445488,-0.259889,-0.789573,0.445488,-0.422036,-0.692066,0.445488,-0.567966,-0.567964,0.445488,-0.692067,-0.422035,0.445488,-0.789574,-0.259887,0.445488,-0.856737,-0.087753,0.445488,-0.890977,-0,-1,0,0,-1,0,0,-1,0,0,-1,-0,9.88715e-07,-1,1.20475e-06,-9.88714e-07,-1,1.20475e-06,1.52761e-07,-1,3.68799e-07,3.68799e-07,-1,-1.52761e-07,-1.08019e-07,-1,-2.14863e-08,-2.14863e-08,-1,1.08019e-07,-2.34156e-08,-1,3.50438e-08,3.50438e-08,-1,2.34156e-08],
    "uvs":[[0.25,0.49,0.25,0.25,0.296822,0.485388,0.341844,0.471731,0.383337,0.449553,0.419706,0.419706,0.449553,0.383337,0.471731,0.341844,0.485388,0.296822,0.49,0.25,0.485388,0.203178,0.471731,0.158156,0.449553,0.116663,0.419706,0.0802944,0.383337,0.0504473,0.341844,0.0282689,0.296822,0.0146115,0.25,0.01,0.203178,0.0146116,0.158156,0.028269,0.116663,0.0504474,0.0802943,0.0802945,0.0504472,0.116663,0.0282688,0.158156,0.0146115,0.203179,0.01,0.25,0.0146116,0.296822,0.028269,0.341844,0.0504475,0.383337,0.0802946,0.419706,0.116663,0.449553,0.158156,0.471731,0.203179,0.485389,0.75,0.49,0.796822,0.485388,0.841844,0.471731,0.883337,0.449553,0.919706,0.419706,0.949553,0.383337,0.971731,0.341844,0.985388,0.296822,0.99,0.25,0.985388,0.203178,0.971731,0.158156,0.949553,0.116663,0.919706,0.0802944,0.883337,0.0504473,0.841844,0.0282689,0.796822,0.0146115,0.75,0.01,0.703178,0.0146116,0.658156,0.028269,0.616663,0.0504474,0.580294,0.0802945,0.550447,0.116663,0.528269,0.158156,0.514611,0.203179,0.51,0.25,0.514612,0.296822,0.528269,0.341844,0.550447,0.383337,0.580295,0.419706,0.616663,0.449553,0.658156,0.471731,0.703179,0.485389]],
    "materials":[{
        "DbgName":"Material.001",
        "DbgIndex":0,
        "transparent":false,
        "visible":true,
        "colorSpecular":[0.5,0.5,0.5],
        "depthWrite":true,
        "specularCoef":50,
        "blending":1,
        "opacity":1,
        "colorEmissive":[0.16,0.16,0.16],
        "colorDiffuse":[0.64,0.64,0.64],
        "shading":"phong",
        "doubleSided":false,
        "wireframe":false,
        "DbgColor":15658734,
        "depthTest":true
    }]
}