{
    "normals":[0,0.846055,-0.533096,0.0100455,0.841451,-0.54024,0,0.836921,-0.547323,0.00112912,0.836403,-0.548114,0.0852476,0.802315,-0.590783,0,0.774776,-0.632236,-0.0852477,0.802315,-0.590783,-0.0111745,0.840924,-0.541037,0.0119366,0.999858,-0.0119367,0.327702,0.886128,-0.327703,0,0.813169,-0.582027,-0.057984,0.839339,-0.540508,0.144915,0.865622,-0.479269,0,0.881686,-0.471837,-0.155725,0.868523,-0.470551,-0.278591,0.92622,-0.253975,0,1,-5.36442e-08,0.0238698,0.999715,-5.35451e-08,0.582027,0.813169,-1.96298e-08,-0.000142962,1,0.000142962,-0.203574,0.976815,0.0662537,0.0284853,0.968632,0.24686,0,0.936532,0.350583,-0.0510922,0.967851,0.246281,-0.451981,0.890006,0.0600167,0.000142962,1,0.000142908,0.0119366,0.999857,0.0119366,0.539803,0.837982,0.0799917,-0.00682704,0.985227,0.171116,-0.233466,0.962017,0.141477,-0.112415,0.984343,0.135764,0,0.987124,0.15996,0.101372,0.986992,0.124784,-0.372494,0.92678,0.0482319,0.00692233,0.999954,0.00663636,0,1,-0,0.488927,0.872261,0.01052,-0.0192317,0.999372,0.0297735,-0.193329,0.980871,0.0226984,-0.131769,0.991266,0.00537656,1.44571e-05,1,1.44035e-05,0.137021,0.990568,-5.38025e-08,-0.341342,0.939939,-2.269e-08,0.0135581,0.999908,0,-0.13247,0.982295,0.13247,-0.174015,0.669702,0.721955,-0.0201543,0.464735,0.88522,-0.0743683,0.464748,0.882314,-0.0282747,0.484515,0.874326,0.0331312,0.513268,0.857589,0.50202,0.628363,0.594252,-0.207404,0.969343,0.13175,0.00692233,0.999954,-0.00663647,-0.604594,0.675271,0.422462,-0.640118,0.319619,0.698636,-0.0272614,0.302578,0.952735,-0.0207442,0.306085,0.951778,0.0183567,0.31666,0.948361,0.0463979,0.322371,0.945476,0.693831,0.307276,0.651291,0.445254,0.747173,0.493438,0.000142962,1,-0.000143015,-0.852581,0.518703,0.0636579,-0.944353,0.305715,0.121394,-0.103224,0.872009,0.478483,-0.000125294,0.876745,0.480956,0.0977814,0.87503,0.47409,0.13865,0.873166,0.467287,0.936926,0.307256,0.166622,0.827994,0.540705,0.148538,0,1,-5.36442e-08,-0.655626,0.617324,-0.434818,-0.693777,0.290921,-0.658816,-0.0271958,0.30256,-0.952742,0,0.300203,-0.953875,0.0271958,0.30256,-0.952742,0.036877,0.308488,-0.950513,0.674162,0.301855,-0.674084,0.665247,0.608161,-0.433112,0,1,-5.36442e-08],
    "vertices":[0.02071,1.42535,19.9901,2.24293,1.42535,19.9901,4.46515,1.42535,19.9901,6.68738,1.42535,19.9901,8.9096,1.42535,19.9901,11.1318,1.36629,19.9901,13.354,1.36629,19.9901,15.5763,1.42535,19.9901,17.7985,1.42535,19.9901,20.0207,1.42535,19.9901,0.02071,0.0251333,17.7679,2.24293,0.0251333,17.7679,4.46515,-0.027926,17.7679,6.68738,-0.027926,17.7679,8.9096,-0.0339259,17.7679,11.1318,-0.447098,17.7679,13.354,-0.447098,17.7679,15.5763,-0.033926,17.7679,17.7985,0.0251333,17.7679,20.0207,0.0251333,17.7679,0.02071,0.0251331,15.5456,2.24293,-0.0279261,15.5456,4.46515,-1.61848,15.5456,6.68738,-1.61848,15.5456,8.9096,-1.30545,15.5456,11.1318,-1.63633,15.5456,13.354,-1.63633,15.5456,15.5763,-1.25262,15.5456,17.7985,0.0251331,15.5456,20.0207,0.0251331,15.5456,0.02071,0.025133,13.3234,2.24293,-0.0279262,13.3234,4.46515,-1.61848,13.3234,6.68738,-1.61785,13.3234,8.9096,-1.00463,13.3234,11.1318,-0.804457,13.3234,13.354,-0.804457,13.3234,15.5763,-0.953547,13.3234,17.7985,0.0257684,13.3234,20.0207,0.025133,13.3234,0.02071,0.0251329,11.1012,2.24293,0.0251329,11.1012,4.46515,-1.24729,11.1012,6.68738,-1.21713,11.1012,8.9096,-0.751744,11.1012,11.1318,-0.444354,11.1012,13.354,-0.444354,11.1012,15.5763,-0.751744,11.1012,17.7985,0.0552648,11.1012,20.0207,0.0251329,11.1012,0.02071,0.0251329,8.87897,2.24293,0.0251329,8.87897,4.46515,-1.19368,8.87897,6.68738,-1.13832,8.87897,8.9096,-0.727702,8.87897,11.1318,-0.44429,8.87897,13.354,-0.444354,8.87897,15.5763,-0.751744,8.87897,17.7985,0.0552648,8.87897,20.0207,0.0251329,8.87897,0.02071,0.0251328,6.65675,2.24293,0.624502,6.65675,4.46515,2.99817,6.65675,6.68738,3.13554,6.65675,8.9096,3.43612,6.65675,11.1318,3.41207,6.65675,13.354,3.12525,6.65675,15.5763,-0.118174,6.65675,17.7985,0.0257682,6.65675,20.0207,0.0251328,6.65675,0.02071,0.0251327,4.43453,2.24293,3.40503,4.43453,4.46515,9.9325,4.43453,6.68738,10.1956,4.43453,8.9096,10.1962,4.43453,11.1318,9.96259,4.43453,13.354,9.60974,4.43453,15.5763,2.8176,4.43453,17.7985,0.0251327,4.43453,20.0207,0.0251327,4.43453,0.02071,0.0251325,2.21231,2.24293,3.95047,2.21231,4.46515,11.1519,2.21231,6.68738,11.4149,2.21231,8.9096,11.4149,2.21231,11.1318,11.1519,2.21231,13.354,10.799,2.21231,15.5763,4.03854,2.21231,17.7985,0.0251325,2.21231,20.0207,0.0251325,2.21231,0.02071,0.0251324,-0.00991535,2.24293,0.81999,-0.00991535,4.46515,4.21753,-0.00991535,6.68738,4.35396,-0.00991535,8.9096,4.35396,-0.00991535,11.1318,4.21753,-0.00991535,13.354,4.03911,-0.00991535,15.5763,0.873357,-0.00991535,17.7985,0.0251324,-0.00991535,20.0207,0.0251324,-0.00991535],