{
    "normals":[0,1,-4.37114e-08,0.0119366,0.999857,-0.0119367,0,0.999715,-0.0238699,0.00134954,0.999681,-0.0252186,0.105073,0.988898,-0.105073,0,0.983151,-0.182795,-0.105073,0.988898,-0.105073,-0.013286,0.999823,-0.013286,0.0119366,0.999857,-0.0119367,0.0945995,0.99101,-0.0945996,0,0.986334,-0.164756,-0.0686096,0.993148,-0.0946031,0.165112,0.986263,-0.00488869,0,0.999908,0.0135581,-0.17648,0.984281,0.0068212,-0.0264169,0.999651,0.000150407,0,1,-4.37114e-08,0.0238698,0.999715,-4.37411e-08,0.164756,0.986334,-4.16675e-08,-0.000142975,1,0.000142935,-0.203574,0.976815,0.0662537,0.0284853,0.968632,0.24686,0,0.936532,0.350583,-0.0510922,0.967851,0.246281,0.040746,0.996906,0.0672254,0.000142974,1,0.00014293,0.0119366,0.999857,0.0119366,0.0945995,0.99101,0.0945995,-0.00682704,0.985227,0.171116,-0.233466,0.962017,0.141477,-0.112415,0.984343,0.135764,0,0.987124,0.15996,0.101372,0.986992,0.124784,0.145041,0.988088,0.0514225,0.00692235,0.999954,0.00663637,0,1,-4.37114e-08,0.0118143,0.999857,0.0120589,-0.0192317,0.999372,0.0297735,-0.19333,0.980871,0.0226984,-0.131769,0.991266,0.00537657,1.44571e-05,1,1.44035e-05,0.137021,0.990568,-5.38024e-08,0.182444,0.983216,-4.74694e-08,0.0135581,0.999908,-4.37495e-08,-0.000122351,1,0.000122308,-0.0462436,0.997859,0.0462436,-0.0510303,0.991702,0.117996,-0.14353,0.98407,0.104903,-0.0694494,0.997538,0.00973814,0.0448034,0.994688,-0.0926712,0.113165,0.987127,-0.113022,0.145041,0.988088,-0.0514226,0.00692235,0.999954,-0.00663646,-0.005924,0.999966,0.00567926,-0.124517,0.991235,0.044146,-0.097257,0.990524,0.0969736,-0.0534186,0.996484,0.0645401,0.0466038,0.997814,-0.0468629,0.122297,0.982943,-0.137357,0.0572535,0.988573,-0.139451,0.0539952,0.99708,-0.0539952,0.000142974,1,-0.000143017,-0.0116029,0.999933,-4.45049e-08,-0.156831,0.987625,-4.1722e-08,-0.117554,0.993066,-4.7945e-08,-0.000142975,1,-0.000143029,0.111053,0.993791,-0.00687151,0.156811,0.987538,-0.0133805,0.0182352,0.99981,-0.00691961,0.000142974,1,-0.000143017,-0.005924,0.999966,-0.00567935,-0.124517,0.991235,-0.0441461,-0.0971153,0.990524,-0.0971153,0,0.993066,-0.117554,0.0971153,0.990524,-0.0971153,0.124517,0.991235,-0.0441461,0.005924,0.999966,-0.00567935,0,1,-4.37114e-08],
    "vertices":[-10,4.37114e-07,10,-7.77778,4.37114e-07,10,-5.55556,4.37114e-07,10,-3.33333,4.37114e-07,10,-1.11111,4.37114e-07,10,1.11111,-0.0590587,10,3.33333,-0.0590587,10,5.55556,4.37114e-07,10,7.77778,4.37114e-07,10,10,4.37114e-07,10,-10,3.39977e-07,7.77778,-7.77778,3.39977e-07,7.77778,-5.55556,-0.0530589,7.77778,-3.33333,-0.0530589,7.77778,-1.11111,-0.0590588,7.77778,1.11111,-0.472231,7.77778,3.33333,-0.472231,7.77778,5.55556,-0.0590589,7.77778,7.77778,3.39977e-07,7.77778,10,3.39977e-07,7.77778,-10,2.42841e-07,5.55556,-7.77778,-0.053059,5.55556,-5.55556,-0.424256,5.55556,-3.33333,-0.424256,5.55556,-1.11111,-0.111221,5.55556,1.11111,-0.4421,5.55556,3.33333,-0.4421,5.55556,5.55556,-0.0583901,5.55556,7.77778,2.42841e-07,5.55556,10,2.42841e-07,5.55556,-10,1.45705e-07,3.33333,-7.77778,-0.0530591,3.33333,-5.55556,-0.424256,3.33333,-3.33333,-0.42362,3.33333,-1.11111,0.189594,3.33333,1.11111,0.389772,3.33333,3.33333,0.389772,3.33333,5.55556,0.240682,3.33333,7.77778,0.000635584,3.33333,10,1.45705e-07,3.33333,-10,4.85682e-08,1.11111,-7.77778,4.85682e-08,1.11111,-5.55556,-0.0530592,1.11111,-3.33333,-0.0228972,1.11111,-1.11111,0.442484,1.11111,1.11111,0.749874,1.11111,3.33333,0.749874,1.11111,5.55556,0.442485,1.11111,7.77778,0.030132,1.11111,10,4.85682e-08,1.11111,-10,-4.85682e-08,-1.11111,-7.77778,-4.85682e-08,-1.11111,-5.55556,0.000543736,-1.11111,-3.33333,0.0559096,-1.11111,-1.11111,0.466527,-1.11111,1.11111,0.749939,-1.11111,3.33333,0.749874,-1.11111,5.55556,0.442485,-1.11111,7.77778,0.0301319,-1.11111,10,-4.85682e-08,-1.11111,-10,-1.45705e-07,-3.33333,-7.77778,0.000543639,-3.33333,-5.55556,0.205968,-3.33333,-3.33333,0.379301,-3.33333,-1.11111,0.616919,-3.33333,1.11111,0.642933,-3.33333,3.33333,0.442808,-3.33333,5.55556,0.240681,-3.33333,7.77778,0.000635293,-3.33333,10,-1.45705e-07,-3.33333,-10,-2.42841e-07,-5.55556,-7.77778,0.0257858,-5.55556,-5.55556,0.378665,-5.55556,-3.33333,0.641721,-5.55556,-1.11111,0.642356,-5.55556,1.11111,0.408761,-5.55556,3.33333,0.0559098,-5.55556,5.55556,0.000635196,-5.55556,7.77778,-2.42841e-07,-5.55556,10,-2.42841e-07,-5.55556,-10,-3.39977e-07,-7.77778,-7.77778,0.0257857,-7.77778,-5.55556,0.378665,-7.77778,-3.33333,0.641721,-7.77778,-1.11111,0.641721,-7.77778,1.11111,0.378665,-7.77778,3.33333,0.0257857,-7.77778,5.55556,-3.39977e-07,-7.77778,7.77778,-3.39977e-07,-7.77778,10,-3.39977e-07,-7.77778,-10,-4.37114e-07,-10,-7.77778,0.000543341,-10,-5.55556,0.205968,-10,-3.33333,0.378665,-10,-1.11111,0.378665,-10,1.11111,0.205968,-10,3.33333,0.000543341,-10,5.55556,-4.37114e-07,-10,7.77778,-4.37114e-07,-10,10,-4.37114e-07,-10],