{
    "metadata":{
        "type":"Geometry",
        "version":3,
        "normals":14,
        "uvs":0,
        "materials":1,
        "faces":14,
        "generator":"io_three",
        "vertices":9
    },
    "faces":[34,0,5,1,0,0,0,0,34,1,5,2,0,1,1,1,34,2,5,3,0,2,2,2,34,3,5,4,0,3,3,3,34,4,5,6,0,4,4,4,34,6,5,7,0,5,5,5,34,7,5,8,0,6,6,6,34,8,5,0,0,7,7,7,34,8,0,1,0,8,8,8,34,1,2,3,0,9,9,9,34,3,4,6,0,10,10,10,34,6,7,8,0,11,11,11,34,8,1,3,0,12,12,12,34,3,6,8,0,13,13,13],
    "uvs":[],
    "vertices":[0,0,-0.5,0.353553,0,-0.353553,0.5,0,2.18557e-08,0.353553,2.98023e-08,0.353553,-4.37114e-08,2.98023e-08,0.5,0,1,-4.37114e-08,-0.353553,2.98023e-08,0.353553,-0.5,0,-5.96244e-09,-0.353553,0,-0.353553],
    "normals":[0.347408,0.419358,-0.838717,0.838717,0.419359,-0.347408,0.838717,0.419358,0.347408,0.347408,0.419359,0.838717,-0.347408,0.419358,0.838717,-0.838717,0.419359,0.347408,-0.838717,0.419358,-0.347408,-0.347408,0.419358,-0.838717,-0,-1,0,-1.01751e-07,-1,4.21468e-08,0,-1,0,1.01752e-07,-1,4.21469e-08,1.77636e-15,-1,4.21469e-08,-3.55271e-15,-1,4.21469e-08],
    "materials":[{
        "depthTest":true,
        "blending":1,
        "DbgIndex":0,
        "DbgName":"Material.002",
        "colorEmissive":[0.4608,0.4608,0.4608],
        "colorDiffuse":[0.64,0.64,0.64],
        "transparent":false,
        "colorSpecular":[0.5,0.5,0.5],
        "specularCoef":50,
        "DbgColor":15658734,
        "visible":true,
        "doubleSided":false,
        "opacity":1,
        "shading":"phong",
        "depthWrite":true,
        "wireframe":false
    }]
}